{
  "oakland-2016": {
    "Within California": 10236788.83,
    "Within Oakland": 2452515.7600000002,
    "Out of State": 10932740.799999999
  },
  "oakland-2018": {
    "Within Oakland": 222991.0,
    "Out of State": 15100.0,
    "Within California": 171904.66
  }
}
