{
  "berkeley-2018": {
    "Out of State": 12199636.799999999,
    "Within California": 11847466.81,
    "Within Oakland": 2360546.14
  },
  "oakland-2018": {
    "Within Oakland": 220191.0,
    "Within California": 168704.66,
    "Out of State": 14600.0
  },
  "oakland-2016": {
    "Out of State": 47492.35,
    "Within California": 563161.63,
    "Within Oakland": 617985.6
  },
  "sf-june-2018": {
    "Within Oakland": 40166.0,
    "Within California": 1694161.3399999999,
    "Out of State": 98609.98000000001
  }
}
