{
  "berkeley-2018": {
    "Within California": 10722141.809999999,
    "Out of State": 10959732.45,
    "Within Oakland": 2316830.04
  },
  "oakland-2018": {
    "Within Oakland": 220191.0,
    "Within California": 168704.66,
    "Out of State": 14600.0
  },
  "oakland-2016": {
    "Out of State": 47492.35,
    "Within California": 563161.63,
    "Within Oakland": 617985.6
  },
  "sf-june-2018": {
    "Within Oakland": 40166.0,
    "Within California": 1694161.3399999999,
    "Out of State": 98609.98000000001
  }
}
