{
  "berkeley-2018": {
    "Out of State": 28799059.77,
    "Within California": 16142068.270000001,
    "Within Oakland": 3382940.55
  },
  "oakland-2016": {
    "Out of State": 47492.35,
    "Within California": 563161.63,
    "Within Oakland": 617985.6
  },
  "oakland-2018": {
    "Within Oakland": 220191.0,
    "Within California": 168704.66,
    "Out of State": 14600.0
  },
  "sf-june-2018": {
    "Within Oakland": 40166.0,
    "Within California": 1694161.3399999999,
    "Out of State": 98609.98000000001
  }
}
