{
  "berkeley-2018": {
    "Within California": 10605855.689999998,
    "Out of State": 10943413.45,
    "Within Oakland": 2284664.04
  },
  "oakland-2018": {
    "Within Oakland": 220191.0,
    "Within California": 168704.66,
    "Out of State": 14600.0
  },
  "oakland-2016": {
    "Out of State": 47492.35,
    "Within Oakland": 617985.6000000001,
    "Within California": 563161.63
  },
  "sf-june-2018": {
    "Within Oakland": 30665.0,
    "Within California": 1471816.2199999997,
    "Out of State": 85315.98000000001
  }
}
