{
  "berkeley-2018": {
    "Out of State": 28107613.77,
    "Within California": 14017400.31,
    "Within Oakland": 2340080.04
  },
  "oakland-2016": {
    "Within Oakland": 617985.6,
    "Within California": 563161.63,
    "Out of State": 47492.35
  },
  "oakland-2018": {
    "Within Oakland": 220191.0,
    "Within California": 168704.66,
    "Out of State": 14600.0
  },
  "sf-june-2018": {
    "Within Oakland": 40166.0,
    "Within California": 1694161.3399999999,
    "Out of State": 98609.98000000001
  }
}
