{
  "berkeley-2018": {
    "Out of State": 29182535.53,
    "Within California": 17038434.700000003,
    "Within Oakland": 2843277.38
  },
  "oakland-2016": {
    "Out of State": 47492.35,
    "Within California": 563161.63,
    "Within Oakland": 617985.6
  },
  "oakland-2018": {
    "Within Oakland": 220191.0,
    "Within California": 168704.66,
    "Out of State": 14600.0
  },
  "sf-june-2018": {
    "Within Oakland": 40166.0,
    "Within California": 1694161.3399999999,
    "Out of State": 98609.98000000001
  }
}
