{
  "berkeley-2018": {
    "Out of State": 24906065.89,
    "Within California": 19275551.490000002,
    "Within Oakland": 3488345.16
  },
  "oakland-2016": {
    "Out of State": 47842.35,
    "Within California": 568561.63,
    "Within Oakland": 638235.6
  },
  "oakland-2018": {
    "Within Oakland": 563451.77,
    "Within California": 472858.08999999997,
    "Out of State": 65075.0
  },
  "sf-june-2018": {
    "Within Oakland": 99281.0,
    "Within California": 2940411.8,
    "Out of State": 152154.98
  }
}
