{
  "berkeley-2018": {
    "Out of State": 927.0,
    "Within California": 8366.0,
    "Within Berkeley": 30855.629999999997
  },
  "oakland-2014": {
    "Within Oakland": 56973.28,
    "Within California": 45101.45,
    "Out of State": 2300.0
  },
  "oakland-2016": {
    "Within Oakland": 1459663.6900000002,
    "Out of State": 10552896.459999999,
    "Within California": 9136516.680000002
  },
  "oakland-2018": {
    "Within California": 2842972.4499999997,
    "Out of State": 898826.36,
    "Within Oakland": 2553003.54
  },
  "oakland-june-2018": {
    "Out of State": 7200.0,
    "Within California": 33550.0,
    "Within Oakland": 110837.72
  },
  "sf-2016": {
    "Within California": 100347.02
  },
  "sf-2018": {
    "Out of State": 52025.0,
    "Within California": 121545.0,
    "Within San Francisco": 198973.25
  },
  "sf-june-2018": {
    "Within California": 2269438.2399999998,
    "Out of State": 14819989.39,
    "Within San Francisco": 6401621.53
  }
}
