{
  "berkeley-2018": {
    "Out of State": 29189735.53,
    "Within California": 17053134.700000003,
    "Within Oakland": 2873229.88
  },
  "oakland-2016": {
    "Out of State": 47842.35,
    "Within California": 567211.63,
    "Within Oakland": 625835.6
  },
  "oakland-2018": {
    "Within Oakland": 232836.0,
    "Within California": 179254.66,
    "Out of State": 21450.0
  },
  "sf-june-2018": {
    "Within Oakland": 40166.0,
    "Within California": 1694161.3399999999,
    "Out of State": 98609.98000000001
  }
}
