{
  "berkeley-2018": {
    "Within Berkeley": 30855.629999999997,
    "Out of State": 927.0,
    "Within California": 8366.0
  },
  "oakland-2014": {
    "Within California": 45101.45,
    "Within Oakland": 56973.28,
    "Out of State": 2300.0
  },
  "oakland-2016": {
    "Within Oakland": 1459663.6900000002,
    "Within California": 9136516.680000002,
    "Out of State": 10552896.459999999
  },
  "oakland-2018": {
    "Within Oakland": 2584253.25,
    "Within California": 2869268.3899999997,
    "Out of State": 899246.36
  },
  "oakland-2020": {
    "Within Oakland": 4737.5,
    "Within California": 1850.0
  },
  "oakland-june-2018": {
    "Out of State": 7200.0,
    "Within California": 33550.0,
    "Within Oakland": 110837.72
  },
  "oakland-march-2020": {
    "Within California": 150000.0,
    "Within Oakland": 300.0
  },
  "sf-2016": {
    "Within California": 100347.02
  },
  "sf-2018": {
    "Out of State": 52025.0,
    "Within California": 121545.0,
    "Within San Francisco": 198973.25
  },
  "sf-june-2018": {
    "Within California": 2219438.2399999998,
    "Out of State": 14819989.39,
    "Within San Francisco": 6248626.529999999
  }
}
