{
  "berkeley-2018": {
    "Within Berkeley": 30855.629999999997,
    "Out of State": 927.0,
    "Within California": 8366.0
  },
  "oakland-2016": {
    "Out of State": 10552896.459999999,
    "Within Oakland": 1459663.6900000002,
    "Within California": 9136516.680000002
  },
  "oakland-2018": {
    "Out of State": 907325.35,
    "Within California": 2309148.3899999997,
    "Within Oakland": 2016662.7699999998
  },
  "oakland-june-2018": {
    "Out of State": 7200.0,
    "Within California": 33550.0,
    "Within Oakland": 110837.72
  },
  "sf-2016": {
    "Within California": 100347.02
  },
  "sf-2018": {
    "Out of State": 52025.0,
    "Within California": 119900.0,
    "Within San Francisco": 196408.25
  },
  "sf-june-2018": {
    "Within San Francisco": 6132444.069999999,
    "Within California": 2147783.7600000002,
    "Out of State": 13668771.15
  }
}
