{
  "berkeley-2018": {
    "Out of State": 51541799.25,
    "Within California": 35938696.550000004,
    "Within Oakland": 4292241.39
  },
  "oakland-2016": {
    "Out of State": 62297.35,
    "Within California": 814377.64,
    "Within Oakland": 856050.46
  },
  "oakland-2018": {
    "Within Oakland": 244536.0,
    "Within California": 196604.66,
    "Out of State": 21950.0
  },
  "sf-june-2018": {
    "Within Oakland": 69806.0,
    "Within California": 3174695.08,
    "Out of State": 151837.96000000002
  }
}
