{
  "berkeley-2018": {
    "Within Berkeley": 30855.629999999997,
    "Within California": 8366.0,
    "Out of State": 927.0
  },
  "oakland-2016": {
    "Out of State": 10552796.459999999,
    "Within California": 9123736.680000002,
    "Within Oakland": 1422868.52
  },
  "oakland-2018": {
    "Within Oakland": 2614783.9099999997,
    "Out of State": 899596.36,
    "Within California": 2890253.9
  },
  "oakland-2020": {
    "Out of State": 12173.84,
    "Within Oakland": 96833.51,
    "Within California": 90280.70999999999
  },
  "oakland-june-2018": {
    "Out of State": 7200.0,
    "Within California": 33550.0,
    "Within Oakland": 110837.72
  },
  "oakland-march-2020": {
    "Out of State": 36764.0,
    "Within California": 150000.0,
    "Within Oakland": 11500.0
  },
  "sf-2016": {
    "Within California": 100347.02
  },
  "sf-2018": {
    "Out of State": 52025.0,
    "Within California": 121545.0,
    "Within San Francisco": 198973.25
  },
  "sf-june-2018": {
    "Within San Francisco": 6248626.529999998,
    "Within California": 2219438.2399999998,
    "Out of State": 14819989.39
  }
}
