{
  "berkeley-2018": {
    "Within California": 37946.63,
    "Within Oakland": 1275.0,
    "Out of State": 927.0
  },
  "oakland-2016": {
    "Out of State": 10552896.459999999,
    "Within California": 9137216.680000002,
    "Within Oakland": 1461040.2000000002
  },
  "oakland-2018": {
    "Within Oakland": 1078364.93,
    "Within California": 1111903.0899999999,
    "Out of State": 248925.0
  },
  "oakland-june-2018": {
    "Out of State": 17200.0,
    "Within California": 28250.0,
    "Within Oakland": 106547.0
  },
  "sf-2016": {
    "Within California": 100347.02
  },
  "sf-2018": {
    "Within California": 302133.25,
    "Out of State": 52000.0,
    "Within Oakland": 8250.0
  },
  "sf-june-2018": {
    "Within Oakland": 134143.53999999998,
    "Within California": 8146084.289999999,
    "Out of State": 13693756.15
  }
}
