{
  "berkeley-2018": {
    "Within California": 14950349.44,
    "Within Oakland": 1524694.9900000002,
    "Out of State": 24293632.28
  },
  "oakland-2016": {
    "Within Oakland": 616002.91,
    "Within California": 572886.63,
    "Out of State": 48992.35
  },
  "oakland-2018": {
    "Within California": 399508.08999999997,
    "Within Oakland": 546841.77,
    "Out of State": 70925.0
  },
  "sf-june-2018": {
    "Within Oakland": 99281.0,
    "Within California": 2940411.8,
    "Out of State": 152154.98
  }
}
