{
  "berkeley-2018": {
    "Within California": 37946.63,
    "Within Oakland": 1275.0,
    "Out of State": 927.0
  },
  "oakland-2016": {
    "Within California": 9137216.68,
    "Within Oakland": 1461040.2,
    "Out of State": 10552896.459999999
  },
  "oakland-2018": {
    "Out of State": 519486.67,
    "Within California": 1669985.54,
    "Within Oakland": 1611274.55
  },
  "oakland-june-2018": {
    "Out of State": 7200.0,
    "Within California": 33550.0,
    "Within Oakland": 110837.72
  },
  "sf-2016": {
    "Within California": 100347.02
  },
  "sf-2018": {
    "Out of State": 52025.0,
    "Within California": 308058.25,
    "Within Oakland": 8250.0
  },
  "sf-june-2018": {
    "Out of State": 13668771.15,
    "Within California": 8146084.289999999,
    "Within Oakland": 134143.54
  }
}
