{
  "berkeley-2018": {
    "Within California": 15267323.58,
    "Within Oakland": 1526515.1400000001,
    "Out of State": 24295632.28
  },
  "oakland-2016": {
    "Out of State": 47842.35,
    "Within California": 568561.63,
    "Within Oakland": 638235.6
  },
  "oakland-2018": {
    "Within Oakland": 546041.77,
    "Within California": 399508.08999999997,
    "Out of State": 64325.0
  },
  "sf-june-2018": {
    "Within Oakland": 99281.0,
    "Within California": 2940411.8,
    "Out of State": 152154.98
  }
}
