{
  "berkeley-2018": {
    "Within Berkeley": 30855.629999999997,
    "Out of State": 927.0,
    "Within California": 8366.0
  },
  "oakland-2014": {
    "Within California": 44221.45,
    "Within Oakland": 54538.28,
    "Out of State": 700.0
  },
  "oakland-2016": {
    "Within Oakland": 1459663.6900000002,
    "Within California": 9136516.680000002,
    "Out of State": 10552896.459999999
  },
  "oakland-2018": {
    "Within Oakland": 2454187.29,
    "Within California": 2784058.5500000003,
    "Out of State": 886704.03
  },
  "oakland-june-2018": {
    "Out of State": 7200.0,
    "Within California": 33550.0,
    "Within Oakland": 110837.72
  },
  "sf-2016": {
    "Within California": 100347.02
  },
  "sf-2018": {
    "Out of State": 52025.0,
    "Within California": 119900.0,
    "Within San Francisco": 196828.25
  },
  "sf-june-2018": {
    "Within California": 2265909.6199999996,
    "Out of State": 14818490.39,
    "Within San Francisco": 6392785.12
  }
}
