{
  "berkeley-2018": {
    "Within California": 15267323.58,
    "Within Oakland": 1526515.1400000001,
    "Out of State": 24295632.28
  },
  "oakland-2016": {
    "Out of State": 48992.35,
    "Within California": 572886.63,
    "Within Oakland": 616002.91
  },
  "oakland-2018": {
    "Within Oakland": 546841.77,
    "Within California": 399508.08999999997,
    "Out of State": 68425.0
  },
  "sf-june-2018": {
    "Within Oakland": 99281.0,
    "Within California": 2940411.8,
    "Out of State": 152154.98
  }
}
