{
  "berkeley-2018": {
    "Out of State": 51388642.05,
    "Within California": 34373041.730000004,
    "Within Oakland": 4237093.48
  },
  "oakland-2016": {
    "Out of State": 62297.35,
    "Within California": 813677.64,
    "Within Oakland": 855050.46
  },
  "oakland-2018": {
    "Within Oakland": 244536.0,
    "Within California": 196604.66,
    "Out of State": 21950.0
  },
  "sf-june-2018": {
    "Within Oakland": 69806.0,
    "Within California": 3174695.08,
    "Out of State": 151837.96000000002
  }
}
