{
  "berkeley-2018": {
    "Within California": 37946.63,
    "Within Oakland": 1275.0,
    "Out of State": 927.0
  },
  "oakland-2016": {
    "Out of State": 10552896.459999999,
    "Within California": 9137216.680000002,
    "Within Oakland": 1461040.2000000002
  },
  "oakland-2018": {
    "Within Oakland": 1579843.69,
    "Within California": 1632135.54,
    "Out of State": 427616.67
  },
  "oakland-june-2018": {
    "Out of State": 7200.0,
    "Within California": 33550.0,
    "Within Oakland": 110837.72
  },
  "sf-2016": {
    "Within California": 100347.02
  },
  "sf-2018": {
    "Out of State": 52025.0,
    "Within California": 308058.25,
    "Within Oakland": 8250.0
  },
  "sf-june-2018": {
    "Within Oakland": 134143.53999999998,
    "Within California": 8146084.289999999,
    "Out of State": 13693756.15
  }
}
